,id,acousticness,danceability,duration_ms,energy,instrumentalness,key,liveness,loudness,mode,speechiness,tempo,valence
Bye Bye,2FSYfKAApea3U42phhBOIc,0.00168,0.634,349507,0.84,0.0237,6,0.207,-5.933,1,0.0351,97.998,0.393
La Pachanga,1x6bkwDyWIOZNFY5blRSs1,0.00244,0.681,281933,0.918,0.000535,9,0.119,-4.83,0,0.0508,105.031,0.551
Auto Rojo,5PSCWHpXi8I45NXURHyhBA,0.158,0.764,306000,0.82,0.0,1,0.0939,-6.073,1,0.0441,104.527,0.688
Mojada,5N5sbaoN8UvXw8ngNR9iUk,0.328,0.666,367960,0.859,0.0,7,0.322,-5.517,1,0.0427,120.701,0.198
Fondo Profundo,2g229Q3Relqxkj5CDnTjeE,0.0673,0.819,224973,0.954,5.04e-05,0,0.0784,-6.057,1,0.0579,107.98,0.559
Oye Mi Amor,5EJ2THuhAapEIeQOtXUQ0x,0.0102,0.543,263306,0.903,0.00585,11,0.0862,-6.658,0,0.039,162.241,0.962
